Year,No.,Title,Artist(s)
2000,1,Breathe,Faith Hill
2000,2,Smooth,Santana featuring Rob Thomas
2000,3,Maria Maria,Santana featuring The Product G&B
2000,4,I Wanna Know,Joe
2000,5,Everything You Want,Vertical Horizon
2000,6,Say My Name,Destiny's Child
2000,7,I Knew I Loved You,Savage Garden
2000,8,Amazed,Lonestar
2000,9,Bent,Matchbox Twenty
2000,10,He Wasn't Man Enough,Toni Braxton
2000,11,Higher,Creed
2000,12,Try Again,Aaliyah
2000,13,"Jumpin', Jumpin'",Destiny's Child
2000,14,Thong Song,Sisqó
2000,15,Kryptonite,3 Doors Down
2000,16,There You Go,Pink
2000,17,Music,Madonna
2000,18,Doesn't Really Matter,Janet Jackson
2000,19,What a Girl Wants,Christina Aguilera
2000,20,Back at One,Brian McKnight
2000,21,Bye Bye Bye,'N Sync
2000,22,You Sang to Me,Marc Anthony
2000,23,I Need to Know,Marc Anthony
2000,24,Get It On Tonite,Montell Jordan
2000,25,Incomplete,Sisqó
2000,26,I Try,Macy Gray
2000,27,It's Gonna Be Me,'N Sync
2000,28,That's The Way It Is,Celine Dion
2000,29,Country Grammar (Hot Shit),Nelly
2000,30,Bring It All to Me,Blaque
2000,31,Show Me the Meaning of Being Lonely,Backstreet Boys
2000,32,Hot Boyz,"Missy Elliott featuring Nas, Eve and Q-Tip"
2000,33,Back Here,BBMak
2000,34,It Feels So Good,Sonique
2000,35,Absolutely (Story of a Girl),Nine Days
2000,36,With Arms Wide Open,Creed
2000,37,Be with You,Enrique Iglesias
2000,38,Come On Over Baby (All I Want Is You),Christina Aguilera
2000,39,No More,Ruff Endz
2000,40,All The Small Things,Blink 182
2000,41,The Way You Love Me,Faith Hill
2000,42,I Turn To You,Christina Aguilera
2000,43,Never Let You Go,Third Eye Blind
2000,44,I Need You,LeAnn Rimes
2000,45,Thank God I Found You,Mariah Carey featuring Joe and 98 Degrees
2000,46,Let's Get Married,Jagged Edge
2000,47,My Love Is Your Love,Whitney Houston
2000,48,Then The Morning Comes,Smash Mouth
2000,49,Blue (Da Ba Dee),Eiffel 65
2000,50,Desert Rose,Sting featuring Cheb Mami
2000,51,The Real Slim Shady,Eminem
2000,52,Most Girls,Pink
2000,53,Wifey,Next
2000,54,Wonderful,Everclear
2000,55,Oops!... I Did It Again,Britney Spears
2000,56,I Wanna Love You Forever,Jessica Simpson
2000,57,Give Me Just One Night (Una Noche),98 Degrees
2000,58,Take a Picture,Filter
2000,59,Otherside,Red Hot Chili Peppers
2000,60,Big Pimpin',Jay-Z featuring UGK
2000,61,A Puro Dolor,Son by Four
2000,62,He Can't Love U,Jagged Edge
2000,63,Separated,Avant
2000,64,I Wish,Carl Thomas
2000,65,U Know What's Up,Donell Jones
2000,66,Faded,soulDecision featuring Thrust
2000,67,Only God Knows Why,Kid Rock
2000,68,Shake Ya Ass,Mystikal
2000,69,Bag Lady,Erykah Badu
2000,70,Meet Virginia,Train
2000,71,Party Up (Up in Here),DMX
2000,72,Case of the Ex,Mýa
2000,73,Forgot About Dre,Dr. Dre featuring Eminem
2000,74,That's the Way,Jo Dee Messina
2000,75,Swear It Again,Westlife
2000,76,The Next Episode,Dr. Dre featuring Snoop Dogg
2000,77,From the Bottom of My Broken Heart,Britney Spears
2000,78,Crash and Burn,Savage Garden
2000,79,Yes!,Chad Brock
2000,80,The Best Day,George Strait
2000,81,Where I Wanna Be,Donell Jones
2000,82,How Do You Like Me Now?!,Toby Keith
2000,83,My Best Friend,Tim McGraw
2000,84,Broadway,Goo Goo Dolls
2000,85,What'chu Like,Da Brat featuring Tyrese
2000,86,Don't Think I'm Not,Kandi
2000,87,I Hope You Dance,Lee Ann Womack
2000,88,Better Off Alone,Alice Deejay
2000,89,Dance with Me,Debelah Morgan
2000,90,What About Now,Lonestar
2000,91,I Like It,Sammie
2000,92,24/7,Kevon Edmonds
2000,93,Girl on TV,LFO
2000,94,Bounce with Me,Lil' Bow Wow featuring Xscape
2000,95,Cowboy Take Me Away,Dixie Chicks
2000,96,I Don't Wanna,Aaliyah
2000,97,Independent Women,Destiny's Child
2000,98,Gotta Tell You,Samantha Mumba
2000,99,Waiting for Tonight,Jennifer Lopez
2000,100,Shackles (Praise You),Mary Mary
2001,1,Hanging by a Moment,Lifehouse
2001,2,Fallin',Alicia Keys
2001,3,All for You,Janet Jackson
2001,4,Drops of Jupiter (Tell Me),Train
2001,5,I'm Real (Murder Remix),Jennifer Lopez featuring Ja Rule
2001,6,If You're Gone,Matchbox Twenty
2001,7,Let Me Blow Ya Mind,Eve featuring Gwen Stefani
2001,8,Thank You,Dido
2001,9,Again,Lenny Kravitz
2001,10,Independent Women,Destiny's Child
2001,11,Hit 'Em Up Style (Oops!),Blu Cantrell
2001,12,It Wasn't Me,Shaggy featuring Rikrok
2001,13,Stutter,Joe featuring Mystikal
2001,14,It's Been Awhile,Staind
2001,15,U Remind Me,Usher
2001,16,Where the Party At,Jagged Edge featuring Nelly
2001,17,Angel,Shaggy featuring Rayvon
2001,18,Ride wit Me,Nelly featuring City Spud
2001,19,Follow Me,Uncle Kracker
2001,20,Peaches & Cream,112
2001,21,Drive,Incubus
2001,22,What Would You Do?,City High
2001,23,Survivor,Destiny's Child
2001,24,Lady Marmalade,"Christina Aguilera, Lil' Kim, Mýa and Pink"
2001,25,Ms. Jackson,OutKast
2001,26,Love Don't Cost a Thing,Jennifer Lopez
2001,27,The Way You Love Me,Faith Hill
2001,28,He Loves U Not,Dream
2001,29,Butterfly,Crazy Town
2001,30,Put It on Me,Ja Rule featuring Lil' Mo and Vita
2001,31,Family Affair,Mary J. Blige
2001,32,I Hope You Dance,Lee Ann Womack
2001,33,South Side,Moby featuring Gwen Stefani
2001,34,Don't Tell Me,Madonna
2001,35,Get Ur Freak On,Missy Elliott
2001,36,Crazy,K-Ci & JoJo
2001,37,Fill Me In,Craig David
2001,38,Someone to Call My Lover,Janet Jackson
2001,39,With Arms Wide Open,Creed
2001,40,Case of the Ex,Mýa
2001,41,All or Nothing,O-Town
2001,42,Bootylicious,Destiny's Child
2001,43,I'm Like a Bird,Nelly Furtado
2001,44,Kryptonite,3 Doors Down
2001,45,Fiesta,R. Kelly featuring Jay-Z
2001,46,When It's Over,Sugar Ray
2001,47,Jaded,Aerosmith
2001,48,Promise,Jagged Edge
2001,49,Missing You,Case
2001,50,Differences,Ginuwine
2001,51,This I Promise You,'N Sync
2001,52,Izzo (H.O.V.A.),Jay-Z
2001,53,Superwoman Pt. II,Lil' Mo featuring Fabolous
2001,54,Crazy for This Girl,Evan and Jaron
2001,55,Nobody Wants to Be Lonely,Ricky Martin and Christina Aguilera
2001,56,I Just Wanna Love U (Give It 2 Me),Jay-Z
2001,57,One Minute Man,Missy Elliott featuring Ludacris
2001,58,Danger (Been So Long),Mystikal featuring Nivea
2001,59,Only Time,Enya
2001,60,I Do!!,Toya
2001,61,Never Had a Dream Come True,S Club 7
2001,62,Stranger in My House,Tamia
2001,63,Irresistible,Jessica Simpson
2001,64,Heard It All Before,Sunshine Anderson
2001,65,The Space Between,Dave Matthews Band
2001,66,There You'll Be,Faith Hill
2001,67,Love,Musiq Soulchild
2001,68,It's Over Now,112
2001,69,No More (Baby I'ma Do Right),3LW
2001,70,Turn Off the Light,Nelly Furtado
2001,71,Ain't Nothing 'bout You,Brooks & Dunn
2001,72,Play,Jennifer Lopez
2001,73,I'm Already There,Lonestar
2001,74,My Baby,Lil' Romeo
2001,75,Beautiful Day,U2
2001,76,Austin,Blake Shelton
2001,77,Southern Hospitality,Ludacris
2001,78,Grown Men Don't Cry,Tim McGraw
2001,79,Livin' It Up,Ja Rule featuring Case
2001,80,Loverboy,Mariah Carey featuring Cameo
2001,81,Contagious,The Isley Brothers featuring R. Kelly and Chanté Moore
2001,82,Who I Am,Jessica Andrews
2001,83,Music,Erick Sermon featuring Marvin Gaye
2001,84,I Wanna Be Bad,Willa Ford
2001,85,Don't Happen Twice,Kenny Chesney
2001,86,One More Day,Diamond Rio
2001,87,I Wish,R. Kelly
2001,88,It's a Great Day to Be Alive,Travis Tritt
2001,89,I'm a Thug,Trick Daddy
2001,90,Here's to the Night,Eve 6
2001,91,You Shouldn't Kiss Me Like This,Toby Keith
2001,92,Get Over Yourself,Eden's Crush
2001,93,Dance with Me,Debelah Morgan
2001,94,So Fresh So Clean,Outkast
2001,95,E.I.,Nelly
2001,96,Be Like That,3 Doors Down
2001,97,Most Girls,Pink
2001,98,Oochie Wally,Nas and Bravehearts
2001,99,Hero,Enrique Iglesias
2001,100,Hemorrhage (In My Hands),Fuel
2002,1,How You Remind Me,Nickelback
2002,2,Foolish,Ashanti
2002,3,Hot in Herre,Nelly
2002,4,Dilemma,Nelly featuring Kelly Rowland
2002,5,Wherever You Will Go,The Calling
2002,6,A Thousand Miles,Vanessa Carlton
2002,7,In the End,Linkin Park
2002,8,What's Luv?,Fat Joe featuring Ashanti
2002,9,U Got It Bad,Usher
2002,10,Blurry,Puddle of Mudd
2002,11,Complicated,Avril Lavigne
2002,12,Always on Time,Ja Rule featuring Ashanti
2002,13,Ain't It Funny,Jennifer Lopez featuring Ja Rule
2002,14,The Middle,Jimmy Eat World
2002,15,I Need a Girl (Part One),P. Diddy featuring Usher and Loon
2002,16,U Don't Have to Call,Usher
2002,17,Family Affair,Mary J. Blige
2002,18,I Need a Girl (Part Two),"P. Diddy featuring Ginuwine, Loon and Mario Winans"
2002,19,Gangsta Lovin',Eve featuring Alicia Keys
2002,20,My Sacrifice,Creed
2002,21,Without Me,Eminem
2002,22,Hero,Enrique Iglesias
2002,23,All You Wanted,Michelle Branch
2002,24,Get the Party Started,Pink
2002,25,Hero,Chad Kroeger featuring Josey Scott
2002,26,Wasting My Time,Default
2002,27,One Last Breath,Creed
2002,28,"Whenever, Wherever",Shakira
2002,29,I'm Gonna Be Alright,Jennifer Lopez featuring Nas
2002,30,Oh Boy,Cam'ron featuring Juelz Santana
2002,31,Heaven,DJ Sammy featuring Yanou and Do
2002,32,Hey Baby,No Doubt featuring Bounty Killer
2002,33,Girlfriend,'N Sync featuring Nelly
2002,34,Just a Friend 2002,Mario
2002,35,Soak Up the Sun,Sheryl Crow
2002,36,Don't Let Me Get Me,Pink
2002,37,Nothin',N.O.R.E.
2002,38,Oops (Oh My),Tweet featuring Missy Elliott
2002,39,A Moment Like This,Kelly Clarkson
2002,40,Addictive,Truth Hurts featuring Rakim
2002,41,Happy,Ashanti
2002,42,No Such Thing,John Mayer
2002,43,Just Like a Pill,Pink
2002,44,Down 4 U,"Ja Rule featuring Ashanti, Charli Baltimore and Vita"
2002,45,Can't Get You Out of My Head,Kylie Minogue
2002,46,Superman (It's Not Easy),Five for Fighting
2002,47,Cleanin' Out My Closet,Eminem
2002,48,Halfcrazy,Musiq Soulchild
2002,49,"Lights, Camera, Action!",Mr. Cheeks
2002,50,Still Fly,Big Tymers
2002,51,A Woman's Worth,Alicia Keys
2002,52,7 Days,Craig David
2002,53,Hey Ma,Cam'ron featuring Juelz Santana and Freekey Zekey
2002,54,Work It,Missy Elliott
2002,55,Move Bitch,Ludacris featuring Mystikal and I-20
2002,56,Can't Fight the Moonlight,LeAnn Rimes
2002,57,Escape,Enrique Iglesias
2002,58,More than a Woman,Aaliyah
2002,59,Hella Good,No Doubt
2002,60,I Love You,Faith Evans
2002,61,Gotta Get thru This,Daniel Bedingfield
2002,62,"Pass the Courvoisier, Part II",Busta Rhymes featuring P. Diddy and Pharrell
2002,63,Lose Yourself,Eminem
2002,64,Butterflies,Michael Jackson
2002,65,What About Us?,Brandy
2002,66,Underneath Your Clothes,Shakira
2002,67,Rainy Dayz,Mary J. Blige featuring Ja Rule
2002,68,Differences,Ginuwine
2002,69,If I Could Go!,Angie Martinez featuring Lil' Mo and Sacario
2002,70,The Whole World,Outkast featuring Killer Mike
2002,71,Underneath It All,No Doubt featuring Lady Saw
2002,72,Caramel,City High featuring Eve
2002,73,Luv U Better,LL Cool J
2002,74,Gimme the Light,Sean Paul
2002,75,Gone,'N Sync
2002,76,Livin' It Up,Ja Rule featuring Case
2002,77,Rollout (My Business),Ludacris
2002,78,Here Is Gone,Goo Goo Dolls
2002,79,No More Drama,Mary J. Blige
2002,80,Days Go By,Dirty Vegas
2002,81,Baby,Ashanti
2002,82,The Good Stuff,Kenny Chesney
2002,83,We Thuggin',Fat Joe featuring R. Kelly
2002,84,Good Morning Beautiful,Steve Holy
2002,85,Rock the Boat,Aaliyah
2002,86,Drive (For Daddy Gene),Alan Jackson
2002,87,Standing Still,Jewel
2002,88,Anything,Jaheim featuring Next
2002,89,Full Moon,Brandy
2002,90,Uh Huh,B2K
2002,91,A New Day Has Come,Celine Dion
2002,92,Turn Off the Light,Nelly Furtado
2002,93,Living and Living Well,George Strait
2002,94,My List,Toby Keith
2002,95,Hands Clean,Alanis Morissette
2002,96,Sk8er Boi,Avril Lavigne
2002,97,Long Time Gone,Dixie Chicks
2002,98,Where Were You (When the World Stopped Turning),Alan Jackson
2002,99,Like I Love You,Justin Timberlake
2002,100,I Do!!,Toya
2003,1,In Da Club,50 Cent
2003,2,Ignition (Remix),R. Kelly
2003,3,Get Busy,Sean Paul
2003,4,Crazy in Love,Beyoncé featuring Jay-Z
2003,5,When I'm Gone,3 Doors Down
2003,6,Unwell,Matchbox Twenty
2003,7,Right Thurr,Chingy
2003,8,Miss You,Aaliyah
2003,9,Picture,Kid Rock featuring Sheryl Crow
2003,10,Bring Me to Life,Evanescence featuring Paul McCoy
2003,11,Get Low,Lil Jon & The East Side Boyz featuring Ying Yang Twins
2003,12,Baby Boy,Beyoncé featuring Sean Paul
2003,13,Shake Ya Tailfeather,"Nelly, P. Diddy and Murphy Lee"
2003,14,21 Questions,50 Cent featuring Nate Dogg
2003,15,All I Have,Jennifer Lopez featuring LL Cool J
2003,16,Beautiful,Christina Aguilera
2003,17,I Know What You Want,Busta Rhymes and Mariah Carey featuring Flipmode Squad
2003,18,I'm with You,Avril Lavigne
2003,19,Drift Away,Uncle Kracker featuring Dobie Gray
2003,20,Magic Stick,Lil' Kim featuring 50 Cent
2003,21,P.I.M.P.,50 Cent
2003,22,"Bump, Bump, Bump",B2K and P. Diddy
2003,23,Into You,Fabolous featuring Tamia
2003,24,Can't Let You Go,Fabolous featuring Lil' Mo and Mike Shorey
2003,25,Mesmerize,Ja Rule featuring Ashanti
2003,26,Where Is the Love?,The Black Eyed Peas
2003,27,The Game of Love,Santana featuring Michelle Branch
2003,28,Lose Yourself,Eminem
2003,29,Rock wit U (Awww Baby),Ashanti
2003,30,Cry Me a River,Justin Timberlake
2003,31,How You Gonna Act Like That,Tyrese
2003,32,Rock Your Body,Justin Timberlake
2003,33,No Letting Go,Wayne Wonder
2003,34,Frontin',Pharrell featuring Jay-Z
2003,35,Landslide,Dixie Chicks
2003,36,Work It,Missy Elliott
2003,37,'03 Bonnie & Clyde,Jay-Z featuring Beyoncé
2003,38,Don't Mess with My Man,Nivea featuring Jagged Edge
2003,39,So Gone,Monica
2003,40,Air Force Ones,Nelly featuring St. Lunatics
2003,41,"Never Leave You (Uh Oooh, Uh Oooh)",Lumidee
2003,42,Beautiful,Snoop Dogg featuring Pharrell and Charlie Wilson
2003,43,Gossip Folks,Missy Elliott featuring Ludacris
2003,44,Miss Independent,Kelly Clarkson
2003,45,Calling All Angels,Train
2003,46,Damn!,YoungBloodZ featuring Lil Jon
2003,47,This Is the Night,Clay Aiken
2003,48,Your Body Is a Wonderland,John Mayer
2003,49,Headstrong,Trapt
2003,50,In Those Jeans,Ginuwine
2003,51,Stand Up,Ludacris featuring Shawnna
2003,52,The Remedy (I Won't Worry),Jason Mraz
2003,53,Why Don't You & I,Santana featuring Alex Band
2003,54,Excuse Me Miss,Jay-Z
2003,55,Jenny from the Block,Jennifer Lopez featuring Jadakiss and Styles P
2003,56,Are You Happy Now?,Michelle Branch
2003,57,Forever and for Always,Shania Twain
2003,58,I Can,Nas
2003,59,Underneath It All,No Doubt featuring Lady Saw
2003,60,If You're Not the One,Daniel Bedingfield
2003,61,Thoia Thoing,R. Kelly
2003,62,Here Without You,3 Doors Down
2003,63,Wanksta,50 Cent
2003,64,My Love Is Like...Wo,Mýa
2003,65,It's Five O'Clock Somewhere,Alan Jackson featuring Jimmy Buffett
2003,66,Like Glue,Sean Paul
2003,67,Can't Hold Us Down,Christina Aguilera featuring Lil' Kim
2003,68,My Front Porch Looking In,Lonestar
2003,69,Angel,Amanda Perez
2003,70,She Hates Me,Puddle of Mudd
2003,71,Don't Wanna Try,Frankie J
2003,72,The Jump Off,Lil' Kim featuring Mr. Cheeks
2003,73,Intuition,Jewel
2003,74,Hell Yeah,Ginuwine featuring Baby
2003,75,Beer for My Horses,Toby Keith featuring Willie Nelson
2003,76,Holidae In,Chingy featuring Ludacris and Snoop Dogg
2003,77,Suga Suga,Baby Bash featuring Frankie J
2003,78,Love of My Life (An Ode to Hip-Hop),Erykah Badu featuring Common
2003,79,Fighter,Christina Aguilera
2003,80,Thugz Mansion,2Pac
2003,81,Clocks,Coldplay
2003,82,Put That Woman First,Jaheim
2003,83,Rain on Me,Ashanti
2003,84,19 Somethin',Mark Wills
2003,85,"Can't Stop, Won't Stop",Young Gunz
2003,86,Red Dirt Road,Brooks & Dunn
2003,87,What Was I Thinkin',Dierks Bentley
2003,88,Flying Without Wings,Ruben Studdard
2003,89,Sing for the Moment,Eminem
2003,90,Have You Forgotten?,Darryl Worley
2003,91,"No Shoes, No Shirt, No Problems",Kenny Chesney
2003,92,Come Over,Aaliyah
2003,93,Sick of Being Lonely,Field Mob
2003,94,Step in the Name of Love,R. Kelly
2003,95,I Want You,Thalía featuring Fat Joe
2003,96,Like a Stone,Audioslave
2003,97,Don't Know Why,Norah Jones
2003,98,Superman,Eminem
2003,99,Real Good Man,Tim McGraw
2003,100,Say Yes,Floetry
2004,1,Yeah!,Usher featuring Lil Jon and Ludacris
2004,2,Burn,Usher
2004,3,If I Ain't Got You,Alicia Keys
2004,4,This Love,Maroon 5
2004,5,The Way You Move,Outkast featuring Sleepy Brown
2004,6,The Reason,Hoobastank
2004,7,I Don't Wanna Know,Mario Winans featuring Enya and P. Diddy
2004,8,Hey Ya!,Outkast
2004,9,Goodies,Ciara featuring Petey Pablo
2004,10,Lean Back,Terror Squad
2004,11,Tipsy,J-Kwon
2004,12,Confessions Part II,Usher
2004,13,Slow Motion,Juvenile featuring Soulja Slim
2004,14,Freek-a-Leek,Petey Pablo
2004,15,Here Without You,3 Doors Down
2004,16,Slow Jamz,Twista featuring Kanye West and Jamie Foxx
2004,17,Someday,Nickelback
2004,18,Naughty Girl,Beyoncé
2004,19,My Immortal,Evanescence
2004,20,Sunshine,Lil' Flip featuring Lea
2004,21,Dirt Off Your Shoulder,Jay-Z
2004,22,Move Ya Body,Nina Sky
2004,23,Dip It Low,Christina Milian
2004,24,My Boo,Usher and Alicia Keys
2004,25,One Call Away,Chingy featuring J-Weav
2004,26,"Me, Myself and I",Beyoncé
2004,27,Turn Me On,Kevin Lyttle
2004,28,The First Cut Is the Deepest,Sheryl Crow
2004,29,You Don't Know My Name,Alicia Keys
2004,30,My Place,Nelly featuring Jaheim
2004,31,Overnight Celebrity,Twista
2004,32,Hotel,Cassidy featuring R. Kelly
2004,33,Numb,Linkin Park
2004,34,Diary,Alicia Keys featuring Tony! Toni! Toné!
2004,35,She Will Be Loved,Maroon 5
2004,36,White Flag,Dido
2004,37,Heaven,Los Lonely Boys
2004,38,It's My Life,No Doubt
2004,39,Pieces of Me,Ashlee Simpson
2004,40,Leave (Get Out),JoJo
2004,41,Milkshake,Kelis
2004,42,Splash Waterfalls,Ludacris
2004,43,Jesus Walks,Kanye West
2004,44,Locked Up,Akon featuring Styles P
2004,45,Stand Up,Ludacris featuring Shawnna
2004,46,Suga Suga,Baby Bash featuring Frankie J
2004,47,All Falls Down,Kanye West featuring Syleena Johnson
2004,48,Toxic,Britney Spears
2004,49,Salt Shaker,Ying Yang Twins featuring Lil Jon & the East Side Boyz
2004,50,With You,Jessica Simpson
2004,51,Meant to Live,Switchfoot
2004,52,I Like That,"Houston featuring Chingy, Nate Dogg and I-20"
2004,53,Sorry 2004,Ruben Studdard
2004,54,My Happy Ending,Avril Lavigne
2004,55,On Fire,Lloyd Banks
2004,56,Roses,Outkast
2004,57,Walked Outta Heaven,Jagged Edge
2004,58,Lose My Breath,Destiny's Child
2004,59,My Band,D12
2004,60,I'm Still in Love with You,Sean Paul featuring Sasha
2004,61,Through the Wire,Kanye West
2004,62,Why?,Jadakiss
2004,63,Fuck It (I Don't Want You Back),Eamon
2004,64,Read Your Mind,Avant featuring Snoop Dogg
2004,65,Game Over (Flip),Lil' Flip
2004,66,One Thing,Finger Eleven
2004,67,Headsprung,LL Cool J
2004,68,Damn!,YoungBloodZ featuring Lil Jon
2004,69,Baby Boy,Beyoncé featuring Sean Paul
2004,70,Get Low,Lil Jon & the East Side Boyz featuring Ying Yang Twins
2004,71,Drop It Like It's Hot,Snoop Dogg featuring Pharrell
2004,72,U Should've Known Better,Monica
2004,73,On the Way Down,Ryan Cabrera
2004,74,Breakaway,Kelly Clarkson
2004,75,Why Don't You & I,Santana featuring Alex Band
2004,76,Are You Gonna Be My Girl,Jet
2004,77,100 Years,Five for Fighting
2004,78,Step in the Name of Love,R. Kelly
2004,79,Breaking the Habit,Linkin Park
2004,80,Gigolo,Nick Cannon featuring R. Kelly
2004,81,Live Like You Were Dying,Tim McGraw
2004,82,Remember When,Alan Jackson
2004,83,Everytime,Britney Spears
2004,84,Southside,Lloyd featuring Ashanti
2004,85,Dude,Beenie Man
2004,86,Wanna Get to Know You,G-Unit featuring Joe
2004,87,Holidae In,Chingy featuring Ludacris and Snoop Dogg
2004,88,Let's Get It Started,The Black Eyed Peas
2004,89,When the Sun Goes Down,Kenny Chesney featuring Uncle Kracker
2004,90,American Soldier,Toby Keith
2004,91,Change Clothes,Jay-Z
2004,92,Don't Tell Me,Avril Lavigne
2004,93,You'll Think of Me,Keith Urban
2004,94,Happy People,R. Kelly
2004,95,Hey Mama,The Black Eyed Peas
2004,96,Over and Over,Nelly featuring Tim McGraw
2004,97,Redneck Woman,Gretchen Wilson
2004,98,Just Lose It,Eminem
2004,99,Letters from Home,John Michael Montgomery
2004,100,I Go Back,Kenny Chesney
2005,1,We Belong Together,Mariah Carey
2005,2,Hollaback Girl,Gwen Stefani
2005,3,Let Me Love You,Mario
2005,4,Since U Been Gone,Kelly Clarkson
2005,5,"1, 2 Step",Ciara featuring Missy Elliott
2005,6,Gold Digger,Kanye West featuring Jamie Foxx
2005,7,Boulevard of Broken Dreams,Green Day
2005,8,Candy Shop,50 Cent featuring Olivia
2005,9,Don't Cha,The Pussycat Dolls featuring Busta Rhymes
2005,10,Behind These Hazel Eyes,Kelly Clarkson
2005,11,Disco Inferno,50 Cent
2005,12,You and Me,Lifehouse
2005,13,Don't Phunk with My Heart,The Black Eyed Peas
2005,14,Lose Control,Missy Elliott featuring Ciara and Fatman Scoop
2005,15,Shake It Off,Mariah Carey
2005,16,Mr. Brightside,The Killers
2005,17,Just a Lil Bit,50 Cent
2005,18,Pon de Replay,Rihanna
2005,19,How We Do,The Game featuring 50 Cent
2005,20,Beverly Hills,Weezer
2005,21,Oh,Ciara featuring Ludacris
2005,22,Lonely No More,Rob Thomas
2005,23,Drop It Like It's Hot,Snoop Dogg featuring Pharrell
2005,24,Hate It or Love It,The Game featuring 50 Cent
2005,25,Lovers & Friends,Lil Jon featuring Usher and Ludacris
2005,26,Soldier,Destiny's Child featuring T.I. and Lil Wayne
2005,27,Breakaway,Kelly Clarkson
2005,28,Switch,Will Smith
2005,29,Let Me Hold You,Bow Wow featuring Omarion
2005,30,Like You,Bow Wow featuring Ciara
2005,31,Rich Girl,Gwen Stefani featuring Eve
2005,32,My Humps,The Black Eyed Peas
2005,33,Obsession (No Es Amor),Frankie J featuring Baby Bash
2005,34,Caught Up,Usher
2005,35,Listen to Your Heart,DHT featuring Edmee
2005,36,Scars,Papa Roach
2005,37,Feel Good Inc.,Gorillaz
2005,38,Let Me Go,3 Doors Down
2005,39,Holiday,Green Day
2005,40,"Sugar, We're Goin Down",Fall Out Boy
2005,41,Grind with Me,Pretty Ricky
2005,42,Run It!,Chris Brown featuring Juelz Santana
2005,43,Photograph,Nickelback
2005,44,Lonely,Akon
2005,45,Collide,Howie Day
2005,46,Wake Me Up When September Ends,Green Day
2005,47,Slow Down,Bobby Valentino
2005,48,Over and Over,Nelly featuring Tim McGraw
2005,49,Some Cut,Trillville featuring Cutty
2005,50,Get It Poppin',Fat Joe featuring Nelly
2005,51,Play,David Banner
2005,52,Soul Survivor,Young Jeezy featuring Akon
2005,53,Pimpin' All Over the World,Ludacris featuring Bobby Valentino
2005,54,My Boo,Usher and Alicia Keys
2005,55,Sugar (Gimme Some),"Trick Daddy featuring Ludacris, Lil' Kim and Cee Lo Green"
2005,56,Karma,Alicia Keys
2005,57,Speed of Sound,Coldplay
2005,58,I Don't Want to Be,Gavin DeGraw
2005,59,Mockingbird,Eminem
2005,60,La Tortura,Shakira featuring Alejandro Sanz
2005,61,She Will Be Loved,Maroon 5
2005,62,Baby I'm Back,Baby Bash featuring Akon
2005,63,Wait (The Whisper Song),Ying Yang Twins
2005,64,Incomplete,Backstreet Boys
2005,65,Bring Em Out,T.I.
2005,66,Cater 2 U,Destiny's Child
2005,67,1 Thing,Amerie
2005,68,Best of You,Foo Fighters
2005,69,It's Like That,Mariah Carey featuring Jermaine Dupri and Fatman Scoop
2005,70,Goin' Crazy,Natalie
2005,71,Inside Your Heaven,Carrie Underwood
2005,72,Because of You,Kelly Clarkson
2005,73,Truth Is,Fantasia
2005,74,Your Body,Pretty Ricky
2005,75,Beautiful Soul,Jesse McCartney
2005,76,Cool,Gwen Stefani
2005,77,Get Back,Ludacris
2005,78,Outta Control,50 Cent featuring Mobb Deep
2005,79,U Don't Know Me,T.I.
2005,80,These Words,Natasha Bedingfield
2005,81,Don't Lie,The Black Eyed Peas
2005,82,Get Right,Jennifer Lopez
2005,83,Daughters,John Mayer
2005,84,As Good as I Once Was,Toby Keith
2005,85,Girlfight,Brooke Valentine featuring Lil Jon and Big Boi
2005,86,Lose My Breath,Destiny's Child
2005,87,Ordinary People,John Legend
2005,88,We Be Burnin',Sean Paul
2005,89,Just the Girl,The Click Five
2005,90,TRUE,Ryan Cabrera
2005,91,O,Omarion
2005,92,Back Then,Mike Jones
2005,93,Numb/Encore,Jay-Z and Linkin Park
2005,94,Wonderful,Ja Rule featuring R. Kelly and Ashanti
2005,95,I'm Sprung,T-Pain
2005,96,Chariot,Gavin DeGraw
2005,97,U Already Know,112 featuring Foxy Brown
2005,98,Mississippi Girl,Faith Hill
2005,99,Number One Spot,Ludacris
2005,100,Give Me That,Webbie featuring Bun B
2006,1,Bad Day,Daniel Powter
2006,2,Temperature,Sean Paul
2006,3,Promiscuous,Nelly Furtado featuring Timbaland
2006,4,You're Beautiful,James Blunt
2006,5,Hips Don't Lie,Shakira featuring Wyclef Jean
2006,6,Unwritten,Natasha Bedingfield
2006,7,Crazy,Gnarls Barkley
2006,8,Ridin',Chamillionaire featuring Krayzie Bone
2006,9,SexyBack,Justin Timberlake featuring Timbaland
2006,10,Check on It,Beyoncé featuring Slim Thug
2006,11,Be Without You,Mary J. Blige
2006,12,Grillz,"Nelly, Paul Wall and Ali & Gipp"
2006,13,Over My Head (Cable Car),The Fray
2006,14,Me & U,Cassie
2006,15,Buttons,Pussycat Dolls featuring Snoop Dogg
2006,16,Run It!,Chris Brown featuring Juelz Santana
2006,17,So Sick,Ne-Yo
2006,18,It's Goin' Down,Yung Joc featuring Nitti
2006,19,SOS,Rihanna
2006,20,I Write Sins Not Tragedies,Panic! at the Disco
2006,21,Move Along,The All-American Rejects
2006,22,London Bridge,Fergie
2006,23,Dani California,Red Hot Chili Peppers
2006,24,Snap Yo Fingers,Lil Jon featuring E-40 and Sean Paul
2006,25,"Lean wit It, Rock wit It",Dem Franchize Boyz
2006,26,What Hurts the Most,Rascal Flatts
2006,27,How to Save a Life,The Fray
2006,28,Unfaithful,Rihanna
2006,29,Chasing Cars,Snow Patrol
2006,30,Lips of an Angel,Hinder
2006,31,Everytime We Touch,Cascada
2006,32,Ain't No Other Man,Christina Aguilera
2006,33,"Dance, Dance",Fall Out Boy
2006,34,Gold Digger,Kanye West featuring Jamie Foxx
2006,35,Money Maker,Ludacris featuring Pharrell
2006,36,Ms. New Booty,Bubba Sparxxx featuring Ying Yang Twins
2006,37,(When You Gonna) Give It Up to Me,Sean Paul featuring Keyshia Cole
2006,38,Photograph,Nickelback
2006,39,Because of You,Kelly Clarkson
2006,40,Stickwitu,Pussycat Dolls
2006,41,I'm 'n Luv (wit a Stripper),T-Pain featuring Mike Jones
2006,42,My Humps,The Black Eyed Peas
2006,43,Where'd You Go,Fort Minor featuring Holly Brook and Jonah Matranga
2006,44,Yo (Excuse Me Miss),Chris Brown
2006,45,Walk Away,Kelly Clarkson
2006,46,Laffy Taffy,D4L
2006,47,What You Know,T.I.
2006,48,Dirty Little Secret,The All-American Rejects
2006,49,Savin' Me,Nickelback
2006,50,Don't Forget About Us,Mariah Carey
2006,51,Sexy Love,Ne-Yo
2006,52,U and Dat,E-40 featuring T-Pain and Kandi Girl
2006,53,Far Away,Nickelback
2006,54,What's Left of Me,Nick Lachey
2006,55,So What,Field Mob featuring Ciara
2006,56,Do It to It,Cherish featuring Sean P
2006,57,Black Horse and the Cherry Tree,KT Tunstall
2006,58,There It Go (The Whistle Song),Juelz Santana
2006,59,Shoulder Lean,Young Dro featuring T.I.
2006,60,Unpredictable,Jamie Foxx featuring Ludacris
2006,61,My Love,Justin Timberlake featuring T.I.
2006,62,Shake That,Eminem featuring Nate Dogg
2006,63,Pullin' Me Back,Chingy featuring Tyrese
2006,64,Bossy,Kelis featuring Too Short
2006,65,Chain Hang Low,Jibbs
2006,66,Smack That,Akon featuring Eminem
2006,67,One Wish,Ray J
2006,68,"Sugar, We're Goin Down",Fall Out Boy
2006,69,Gimme That,Chris Brown featuring Lil Wayne
2006,70,I Know You See It,Yung Joc
2006,71,Who Says You Can't Go Home,Bon Jovi featuring Jennifer Nettles
2006,72,Too Little Too Late,JoJo
2006,73,Touch It,Busta Rhymes
2006,74,Rompe,Daddy Yankee
2006,75,Déjà Vu,Beyoncé featuring Jay-Z
2006,76,Life Is a Highway,Rascal Flatts
2006,77,Call Me When You're Sober,Evanescence
2006,78,"Jesus, Take the Wheel",Carrie Underwood
2006,79,Show Stopper,Danity Kane featuring Yung Joc
2006,80,Get Up,Ciara featuring Chamillionaire
2006,81,We Be Burnin',Sean Paul
2006,82,Hate Me,Blue October
2006,83,You and Me,Lifehouse
2006,84,Beep,Pussycat Dolls featuring will.i.am
2006,85,I Think They Like Me,"Dem Franchize Boyz featuring Jermaine Dupri, Da Brat and Bow Wow"
2006,86,Say Goodbye,Chris Brown
2006,87,Waiting on the World to Change,John Mayer
2006,88,Soul Survivor,Young Jeezy featuring Akon
2006,89,Pump It,The Black Eyed Peas
2006,90,When I'm Gone,Eminem
2006,91,Hung Up,Madonna
2006,92,Stay Fly,Three 6 Mafia featuring Young Buck and 8Ball & MJG
2006,93,Love,Keyshia Cole
2006,94,When You're Mad,Ne-Yo
2006,95,Why You Wanna,T.I.
2006,96,Stupid Girls,Pink
2006,97,Feel Good Inc.,Gorillaz
2006,98,I'm Sprung,T-Pain
2006,99,Do I Make You Proud,Taylor Hicks
2006,100,For You I Will (Confidence),Teddy Geiger
2007,1,Irreplaceable,Beyoncé
2007,2,Umbrella,Rihanna featuring Jay-Z
2007,3,The Sweet Escape,Gwen Stefani featuring Akon
2007,4,Big Girls Don't Cry,Fergie
2007,5,Buy U a Drank (Shawty Snappin'),T-Pain featuring Yung Joc
2007,6,Before He Cheats,Carrie Underwood
2007,7,Hey There Delilah,Plain White T's
2007,8,I Wanna Love You,Akon featuring Snoop Dogg
2007,9,Say It Right,Nelly Furtado
2007,10,Glamorous,Fergie featuring Ludacris
2007,11,Don't Matter,Akon
2007,12,Girlfriend,Avril Lavigne
2007,13,Makes Me Wonder,Maroon 5
2007,14,Party Like a Rockstar,Shop Boyz
2007,15,Smack That,Akon featuring Eminem
2007,16,This Is Why I'm Hot,Mims
2007,17,It's Not Over,Daughtry
2007,18,The Way I Are,Timbaland featuring Keri Hilson
2007,19,Fergalicious,Fergie featuring will.i.am
2007,20,Crank That (Soulja Boy),Soulja Boy Tell 'Em
2007,21,Give It to Me,Timbaland featuring Nelly Furtado and Justin Timberlake
2007,22,What Goes Around... Comes Around,Justin Timberlake
2007,23,Cupid's Chokehold,Gym Class Heroes featuring Patrick Stump
2007,24,How to Save a Life,The Fray
2007,25,Home,Daughtry
2007,26,My Love,Justin Timberlake featuring T.I.
2007,27,Stronger,Kanye West
2007,28,We Fly High,Jim Jones
2007,29,U + Ur Hand,Pink
2007,30,Walk It Out,Unk
2007,31,Beautiful Girls,Sean Kingston
2007,32,"This Ain't a Scene, It's an Arms Race",Fall Out Boy
2007,33,Bartender,T-Pain featuring Akon
2007,34,"Pop, Lock & Drop It",Huey
2007,35,Runaway Love,Ludacris featuring Mary J. Blige
2007,36,Rockstar,Nickelback
2007,37,Thnks fr th Mmrs,Fall Out Boy
2007,38,What I've Done,Linkin Park
2007,39,Summer Love,Justin Timberlake
2007,40,You,Lloyd featuring Lil Wayne
2007,41,Wait for You,Elliott Yamin
2007,42,Last Night,Diddy featuring Keyshia Cole
2007,43,Make It Rain,Fat Joe featuring Lil Wayne
2007,44,Make Me Better,Fabolous featuring Ne-Yo
2007,45,Ice Box,Omarion featuring Timbaland
2007,46,Lips of an Angel,Hinder
2007,47,Waiting on the World to Change,John Mayer
2007,48,Lost Without U,Robin Thicke
2007,49,I'm a Flirt,R. Kelly featuring T.I. and T-Pain
2007,50,If Everyone Cared,Nickelback
2007,51,Get It Shawty,Lloyd
2007,52,Face Down,The Red Jumpsuit Apparatus
2007,53,The Way I Live,Baby Boy da Prince
2007,54,Shortie Like Mine,Bow Wow featuring Chris Brown and Johntá Austin
2007,55,It Ends Tonight,The All-American Rejects
2007,56,A Bay Bay,Hurricane Chris
2007,57,Because of You,Ne-Yo
2007,58,I Tried,Bone Thugs-n-Harmony featuring Akon
2007,59,Welcome to the Black Parade,My Chemical Romance
2007,60,Shawty,Plies featuring T-Pain
2007,61,Chasing Cars,Snow Patrol
2007,62,Beautiful Liar,Beyoncé and Shakira
2007,63,SexyBack,Justin Timberlake featuring Timbaland
2007,64,Keep Holding On,Avril Lavigne
2007,65,Let It Go,Keyshia Cole featuring Missy Elliott and Lil' Kim
2007,66,Apologize,Timbaland featuring OneRepublic
2007,67,Bubbly,Colbie Caillat
2007,68,Like a Boy,Ciara
2007,69,Who Knew,Pink
2007,70,Never Again,Kelly Clarkson
2007,71,Promise,Ciara
2007,72,Bed,J. Holiday
2007,73,Throw Some D's,Rich Boy featuring Polow da Don
2007,74,Rehab,Amy Winehouse
2007,75,Big Shit Poppin' (Do It),T.I.
2007,76,No One,Alicia Keys
2007,77,The Great Escape,Boys Like Girls
2007,78,2 Step,Unk
2007,79,Walk Away (Remember Me),Paula DeAnda featuring The D.E.Y.
2007,80,Go Getta,Young Jeezy featuring R. Kelly
2007,81,Here (In Your Arms),Hellogoodbye
2007,82,On the Hotline,Pretty Ricky
2007,83,Wind It Up,Gwen Stefani
2007,84,Cyclone,Baby Bash featuring T-Pain
2007,85,Break It Off,Rihanna featuring Sean Paul
2007,86,First Time,Lifehouse
2007,87,Ayo Technology,50 Cent featuring Justin Timberlake and Timbaland
2007,88,Outta My System,Bow Wow featuring T-Pain and Johntá Austin
2007,89,Teardrops on My Guitar,Taylor Swift
2007,90,Shut Up and Drive,Rihanna
2007,91,Snow (Hey Oh),Red Hot Chili Peppers
2007,92,Money Maker,Ludacris featuring Pharrell
2007,93,Kiss Kiss,Chris Brown featuring T-Pain
2007,94,Far Away,Nickelback
2007,95,Rock Yo Hips,Crime Mob and Lil' Scrappy
2007,96,LoveStoned,Justin Timberlake
2007,97,Better than Me,Hinder
2007,98,Paralyzer,Finger Eleven
2007,99,That's That,Snoop Dogg featuring R. Kelly
2007,100,Same Girl,R. Kelly featuring Usher
2008,1,Low,Flo Rida featuring T-Pain
2008,2,Bleeding Love,Leona Lewis
2008,3,No One,Alicia Keys
2008,4,Lollipop,Lil Wayne featuring Static Major
2008,5,Apologize,Timbaland featuring OneRepublic
2008,6,No Air,Jordin Sparks and Chris Brown
2008,7,Love Song,Sara Bareilles
2008,8,Love in This Club,Usher featuring Young Jeezy
2008,9,With You,Chris Brown
2008,10,Forever,Chris Brown
2008,11,Sexy Can I,Ray J featuring Yung Berg
2008,12,Take a Bow,Rihanna
2008,13,Viva la Vida,Coldplay
2008,14,I Kissed a Girl,Katy Perry
2008,15,Whatever You Like,T.I.
2008,16,Disturbia,Rihanna
2008,17,Don't Stop the Music,Rihanna
2008,18,Pocketful of Sunshine,Natasha Bedingfield
2008,19,Kiss Kiss,Chris Brown featuring T-Pain
2008,20,Closer,Ne-Yo
2008,21,Bubbly,Colbie Caillat
2008,22,Touch My Body,Mariah Carey
2008,23,4 Minutes,Madonna featuring Justin Timberlake and Timbaland
2008,24,So What,Pink
2008,25,Paralyzer,Finger Eleven
2008,26,Clumsy,Fergie
2008,27,I'm Yours,Jason Mraz
2008,28,Leavin',Jesse McCartney
2008,29,Dangerous,Kardinal Offishall featuring Akon
2008,30,Tattoo,Jordin Sparks
2008,31,See You Again,Miley Cyrus
2008,32,Shake It,Metro Station
2008,33,Stop and Stare,OneRepublic
2008,34,Take You There,Sean Kingston
2008,35,Paper Planes,M.I.A.
2008,36,Hot n Cold,Katy Perry
2008,37,Live Your Life,T.I. featuring Rihanna
2008,38,Bust It Baby (Part 2),Plies featuring Ne-Yo
2008,39,American Boy,Estelle featuring Kanye West
2008,40,Got Money,Lil Wayne featuring T-Pain
2008,41,Our Song,Taylor Swift
2008,42,Damaged,Danity Kane
2008,43,A Milli,Lil Wayne
2008,44,Sorry,Buckcherry
2008,45,Independent,Webbie featuring Lil Boosie and Lil Phat
2008,46,Can't Believe It,T-Pain featuring Lil Wayne
2008,47,Like You'll Never See Me Again,Alicia Keys
2008,48,Teardrops on My Guitar,Taylor Swift
2008,49,When I Grow Up,Pussycat Dolls
2008,50,Sexual Eruption,Snoop Dogg
2008,51,What You Got,Colby O'Donis featuring Akon
2008,52,It's Not My Time,3 Doors Down
2008,53,Better in Time,Leona Lewis
2008,54,Crank That (Soulja Boy),Soulja Boy Tell 'Em
2008,55,Shadow of the Day,Linkin Park
2008,56,Sweetest Girl (Dollar Bill),"Wyclef Jean featuring Akon, Lil Wayne and Niia"
2008,57,Miss Independent,Ne-Yo
2008,58,Fall for You,Secondhand Serenade
2008,59,In the Ayer,Flo Rida featuring will.i.am
2008,60,Say,John Mayer
2008,61,One Step at a Time,Jordin Sparks
2008,62,Hate That I Love You,Rihanna featuring Ne-Yo
2008,63,Superstar,Lupe Fiasco featuring Matthew Santos
2008,64,Suffocate,J. Holiday
2008,65,Let It Rock,Kevin Rudolf featuring Lil Wayne
2008,66,Get Like Me,David Banner featuring Chris Brown and Yung Joc
2008,67,Realize,Colbie Caillat
2008,68,Put On,Young Jeezy featuring Kanye West
2008,69,The Time of My Life,David Cook
2008,70,Lolli Lolli (Pop That Body),Three 6 Mafia
2008,71,Cyclone,Baby Bash featuring T-Pain
2008,72,Love Like This,Natasha Bedingfield featuring Sean Kingston
2008,73,Burnin' Up,Jonas Brothers featuring Big Rob
2008,74,Love Lockdown,Kanye West
2008,75,I Luv Your Girl,The-Dream
2008,76,Crush,David Archuleta
2008,77,Hypnotized,Plies featuring Akon
2008,78,Big Girls Don't Cry,Fergie
2008,79,Good Life,Kanye West featuring T-Pain
2008,80,Womanizer,Britney Spears
2008,81,Love Story,Taylor Swift
2008,82,Just Fine,Mary J. Blige
2008,83,Piece of Me,Britney Spears
2008,84,The Boss,Rick Ross featuring T-Pain
2008,85,All Summer Long,Kid Rock
2008,86,Can't Help but Wait,Trey Songz
2008,87,In Love with a Girl,Gavin DeGraw
2008,88,My Life,The Game featuring Lil Wayne
2008,89,I Remember,Keyshia Cole
2008,90,Flashing Lights,Kanye West featuring Dwele
2008,91,Mrs. Officer,Lil Wayne featuring Bobby Valentino and Kidd Kidd
2008,92,7 Things,Miley Cyrus
2008,93,You're Gonna Miss This,Trace Adkins
2008,94,Love Remains the Same,Gavin Rossdale
2008,95,Feels Like Tonight,Daughtry
2008,96,The Way I Are,Timbaland featuring Keri Hilson
2008,97,Addicted,Saving Abel
2008,98,Into the Night,Santana featuring Chad Kroeger
2008,99,Heaven Sent,Keyshia Cole
2008,100,She Got It,2 Pistols featuring T-Pain and Tay Dizm
2009,1,Boom Boom Pow,The Black Eyed Peas
2009,2,Poker Face,Lady Gaga
2009,3,Just Dance,Lady Gaga featuring Colby O'Donis
2009,4,I Gotta Feeling,The Black Eyed Peas
2009,5,Love Story,Taylor Swift
2009,6,Right Round,Flo Rida
2009,7,I'm Yours,Jason Mraz
2009,8,Single Ladies (Put a Ring on It),Beyoncé
2009,9,Heartless,Kanye West
2009,10,Gives You Hell,The All-American Rejects
2009,11,You Belong with Me,Taylor Swift
2009,12,Dead and Gone,T.I. featuring Justin Timberlake
2009,13,You Found Me,The Fray
2009,14,Use Somebody,Kings of Leon
2009,15,Knock You Down,Keri Hilson featuring Kanye West and Ne-Yo
2009,16,Blame It,Jamie Foxx featuring T-Pain
2009,17,I Know You Want Me (Calle Ocho),Pitbull
2009,18,Live Your Life,T.I. featuring Rihanna
2009,19,Kiss Me thru the Phone,Soulja Boy Tell 'Em featuring Sammie
2009,20,Down,Jay Sean featuring Lil Wayne
2009,21,The Climb,Miley Cyrus
2009,22,Best I Ever Had,Drake
2009,23,My Life Would Suck Without You,Kelly Clarkson
2009,24,Halo,Beyoncé
2009,25,Hot n Cold,Katy Perry
2009,26,Second Chance,Shinedown
2009,27,Circus,Britney Spears
2009,28,Day 'n' Nite,Kid Cudi
2009,29,Party in the U.S.A.,Miley Cyrus
2009,30,Don't Trust Me,3OH!3
2009,31,Run This Town,Jay-Z featuring Rihanna and Kanye West
2009,32,Let It Rock,Kevin Rudolf featuring Lil Wayne
2009,33,Fire Burning,Sean Kingston
2009,34,Whatcha Say,Jason Derulo
2009,35,LoveGame,Lady Gaga
2009,36,Waking Up in Vegas,Katy Perry
2009,37,Birthday Sex,Jeremih
2009,38,Sober,Pink
2009,39,Womanizer,Britney Spears
2009,40,Whatever You Like,T.I.
2009,41,Obsessed,Mariah Carey
2009,42,Mad,Ne-Yo
2009,43,Good Girls Go Bad,Cobra Starship featuring Leighton Meester
2009,44,Love Lockdown,Kanye West
2009,45,So What,Pink
2009,46,Hotel Room Service,Pitbull
2009,47,Crack a Bottle,"Eminem, Dr. Dre and 50 Cent"
2009,48,If I Were a Boy,Beyoncé
2009,49,Turnin Me On,Keri Hilson featuring Lil Wayne
2009,50,I Hate This Part,Pussycat Dolls
2009,51,Gotta Be Somebody,Nickelback
2009,52,Please Don't Leave Me,Pink
2009,53,Paparazzi,Lady Gaga
2009,54,Beautiful,Akon featuring Colby O'Donis and Kardinal Offishall
2009,55,Viva la Vida,Coldplay
2009,56,Right Now (Na Na Na),Akon
2009,57,Battlefield,Jordin Sparks
2009,58,Sugar,Flo Rida featuring Wynter Gordon
2009,59,Miss Independent,Ne-Yo
2009,60,Fireflies,Owl City
2009,61,New Divide,Linkin Park
2009,62,Empire State of Mind,Jay-Z featuring Alicia Keys
2009,63,No Surprise,Daughtry
2009,64,She Wolf,Shakira
2009,65,Break Up,Mario featuring Gucci Mane and Sean Garrett
2009,66,Sweet Dreams,Beyoncé
2009,67,Every Girl,Young Money
2009,68,Fallin' for You,Colbie Caillat
2009,69,Untouched,The Veronicas
2009,70,If Today Was Your Last Day,Nickelback
2009,71,Throw It in the Bag,Fabolous featuring The-Dream
2009,72,Love Drunk,Boys Like Girls
2009,73,I Love College,Asher Roth
2009,74,If U Seek Amy,Britney Spears
2009,75,Big Green Tractor,Jason Aldean
2009,76,White Horse,Taylor Swift
2009,77,Disturbia,Rihanna
2009,78,21 Guns,Green Day
2009,79,Turn My Swag On,Soulja Boy Tell 'Em
2009,80,Rockin' That Thang,The-Dream
2009,81,Chicken Fried,Zac Brown Band
2009,82,Diva,Beyoncé
2009,83,Replay,Iyaz
2009,84,Then,Brad Paisley
2009,85,Her Diamonds,Rob Thomas
2009,86,How Do You Sleep?,Jesse McCartney featuring Ludacris
2009,87,3,Britney Spears
2009,88,Forever,"Drake featuring Kanye West, Lil Wayne and Eminem"
2009,89,One Time,Justin Bieber
2009,90,I Run to You,Lady Antebellum
2009,91,I Do Not Hook Up,Kelly Clarkson
2009,92,Green Light,John Legend featuring André 3000
2009,93,People Are Crazy,Billy Currington
2009,94,Whatever It Is,Zac Brown Band
2009,95,Already Gone,Kelly Clarkson
2009,96,Goodbye,Kristinia DeBarge
2009,97,Say Hey (I Love You),Michael Franti & Spearhead featuring Cherine Anderson
2009,98,Pop Champagne,Jim Jones featuring Ron Browz and Juelz Santana
2009,99,Pretty Wings,Maxwell
2009,100,Never Say Never,The Fray
2010,1,Tik Tok,Kesha
2010,2,Need You Now,Lady Antebellum
2010,3,"Hey, Soul Sister",Train
2010,4,California Gurls,Katy Perry featuring Snoop Dogg
2010,5,OMG,Usher featuring will.i.am
2010,6,Airplanes,B.o.B featuring Hayley Williams
2010,7,Love the Way You Lie,Eminem featuring Rihanna
2010,8,Bad Romance,Lady Gaga
2010,9,Dynamite,Taio Cruz
2010,10,Break Your Heart,Taio Cruz featuring Ludacris
2010,11,Nothin' on You,B.o.B featuring Bruno Mars
2010,12,I Like It,Enrique Iglesias featuring Pitbull
2010,13,BedRock,Young Money featuring Lloyd
2010,14,In My Head,Jason Derulo
2010,15,Rude Boy,Rihanna
2010,16,Telephone,Lady Gaga featuring Beyoncé
2010,17,Teenage Dream,Katy Perry
2010,18,Just the Way You Are,Bruno Mars
2010,19,Cooler Than Me,Mike Posner
2010,20,Imma Be,The Black Eyed Peas
2010,21,Empire State of Mind,Jay-Z featuring Alicia Keys
2010,22,DJ Got Us Fallin' in Love,Usher featuring Pitbull
2010,23,Billionaire,Travie McCoy featuring Bruno Mars
2010,24,Not Afraid,Eminem
2010,25,Replay,Iyaz
2010,26,Sexy Bitch,David Guetta featuring Akon
2010,27,Breakeven,The Script
2010,28,Your Love Is My Drug,Kesha
2010,29,I Gotta Feeling,The Black Eyed Peas
2010,30,Fireflies,Owl City
2010,31,Say Aah,Trey Songz featuring Fabolous
2010,32,Find Your Love,Drake
2010,33,Alejandro,Lady Gaga
2010,34,Ridin' Solo,Jason Derulo
2010,35,Just a Dream,Nelly
2010,36,How Low,Ludacris
2010,37,Like a G6,Far East Movement featuring The Cataracs and Dev
2010,38,Carry Out,Timbaland featuring Justin Timberlake
2010,39,Haven't Met You Yet,Michael Bublé
2010,40,Club Can't Handle Me,Flo Rida featuring David Guetta
2010,41,Down,Jay Sean featuring Lil Wayne
2010,42,Bulletproof,La Roux
2010,43,Whatcha Say,Jason Derulo
2010,44,Baby,Justin Bieber featuring Ludacris
2010,45,Whataya Want from Me,Adam Lambert
2010,46,Mine,Taylor Swift
2010,47,Only Girl (In the World),Rihanna
2010,48,Live Like We're Dying,Kris Allen
2010,49,Hard,Rihanna featuring Jeezy
2010,50,Young Forever,Jay-Z featuring Mr Hudson
2010,51,Blah Blah Blah,Kesha featuring 3OH!3
2010,52,Bottoms Up,Trey Songz featuring Nicki Minaj
2010,53,Do You Remember,Jay Sean featuring Sean Paul and Lil Jon
2010,54,All the Right Moves,OneRepublic
2010,55,According to You,Orianthi
2010,56,My Chick Bad,Ludacris featuring Nicki Minaj
2010,57,You Belong with Me,Taylor Swift
2010,58,Meet Me Halfway,The Black Eyed Peas
2010,59,Take It Off,Kesha
2010,60,Over,Drake
2010,61,Animal,Neon Trees
2010,62,Misery,Maroon 5
2010,63,Magic,B.o.B featuring Rivers Cuomo
2010,64,Paparazzi,Lady Gaga
2010,65,Tie Me Down,New Boyz featuring Ray J
2010,66,Your Love,Nicki Minaj
2010,67,Party in the U.S.A.,Miley Cyrus
2010,68,Deuces,Chris Brown featuring Tyga and Kevin McCall
2010,69,3,Britney Spears
2010,70,Impossible,Shontelle
2010,71,Forever,"Drake featuring Kanye West, Lil Wayne and Eminem"
2010,72,Two Is Better Than One,Boys Like Girls featuring Taylor Swift
2010,73,My First Kiss,3OH!3 featuring Kesha
2010,74,Already Gone,Kelly Clarkson
2010,75,Rock That Body,The Black Eyed Peas
2010,76,Secrets,OneRepublic
2010,77,Naturally,Selena Gomez & the Scene
2010,78,Un-Thinkable (I'm Ready),Alicia Keys
2010,79,All I Do Is Win,"DJ Khaled featuring T-Pain, Ludacris, Snoop Dogg and Rick Ross"
2010,80,I Made It (Cash Money Heroes),"Kevin Rudolf featuring Birdman, Jay Sean and Lil Wayne"
2010,81,Stuck Like Glue,Sugarland
2010,82,Hey Daddy (Daddy's Home),Usher featuring Plies
2010,83,There Goes My Baby,Usher
2010,84,Today Was a Fairytale,Taylor Swift
2010,85,Say Something,Timbaland featuring Drake
2010,86,Sweet Dreams,Beyoncé
2010,87,Use Somebody,Kings of Leon
2010,88,Undo It,Carrie Underwood
2010,89,Eenie Meenie,Sean Kingston and Justin Bieber
2010,90,Right Above It,Lil Wayne featuring Drake
2010,91,The House That Built Me,Miranda Lambert
2010,92,If I Die Young,The Band Perry
2010,93,The Only Exception,Paramore
2010,94,American Honey,Lady Antebellum
2010,95,King of Anything,Sara Bareilles
2010,96,Life After You,Daughtry
2010,97,Smile,Uncle Kracker
2010,98,Teach Me How to Dougie,Cali Swag District
2010,99,Try Sleeping with a Broken Heart,Alicia Keys
2010,100,"Lover, Lover",Jerrod Niemann
